epoch,run,model,feature_family,apbs_variant,checkpoint,postprocess_mode,threshold,top_k_label,top_k,pocket_f1,pocket_precision,pocket_recall,paper_tp,paper_fp,paper_fn,dcc_success_rate_4a,dca_success_rate_4a,mean_best_dcc_angstrom,mean_best_dca_angstrom,mean_best_dvo_all,mean_dvo_of_best_dcc_all,mean_dvo_of_best_dcc_success,mean_predicted_positive_voxels,mean_candidate_count,no_prediction_count,sample_count
,scpdb_apbs_cutoff_fold1_apbs_shape_apbs_full_signed,CBAMUNet3D,apbs_shape,apbs_full_signed,CBAMUNet3D_best_model_in_terms_of_validation_paper_f1.pth,raw,0.4,top2,2,0.744186046511628,0.6153846153846154,0.9411764705882353,64,40,4,0.5925925925925926,0.7962962962962963,9.728666108157359,7.657660712509673,0.4047710324158984,0.4047710324158984,0.48543311075559115,120.72222222222223,1.3148148148148149,4,108
,scpdb_apbs_cutoff_fold1_apbs_shape_apbs_full_signed,CBAMUNet3D,apbs_shape,apbs_full_signed,CBAMUNet3D_best_model_in_terms_of_validation_paper_f1.pth,raw,0.4,top3,3,0.744186046511628,0.6153846153846154,0.9411764705882353,64,40,4,0.5925925925925926,0.7962962962962963,9.728666108157359,7.657660712509673,0.4047710324158984,0.4047710324158984,0.48543311075559115,120.72222222222223,1.3703703703703705,4,108
,scpdb_apbs_cutoff_fold1_apbs_shape_apbs_full_signed,CBAMUNet3D,apbs_shape,apbs_full_signed,CBAMUNet3D_best_model_in_terms_of_validation_paper_f1.pth,raw,0.4,top_n_plus_2,3,0.744186046511628,0.6153846153846154,0.9411764705882353,64,40,4,0.5925925925925926,0.7962962962962963,9.728666108157359,7.657660712509673,0.4047710324158984,0.4047710324158984,0.48543311075559115,120.72222222222223,1.3703703703703705,4,108
,scpdb_apbs_cutoff_fold1_apbs_shape_apbs_posneg_clip20,ResNet3D4L,apbs_shape,apbs_posneg_clip20,ResNet3D4L_best_model_in_terms_of_validation_paper_f1.pth,raw,0.05,top3,3,0.736842105263158,0.5943396226415094,0.9692307692307692,63,43,2,0.5833333333333334,0.7962962962962963,7.59446782087108,5.571597601284282,0.3679298110090168,0.3679298110090168,0.4387532732539307,220.57407407407408,1.6481481481481481,2,108
,scpdb_apbs_cutoff_fold1_apbs_shape_apbs_posneg_clip20,ResNet3D4L,apbs_shape,apbs_posneg_clip20,ResNet3D4L_best_model_in_terms_of_validation_paper_f1.pth,raw,0.05,top_n_plus_2,3,0.736842105263158,0.5943396226415094,0.9692307692307692,63,43,2,0.5833333333333334,0.7962962962962963,7.59446782087108,5.571597601284282,0.3679298110090168,0.3679298110090168,0.4387532732539307,220.57407407407408,1.6481481481481481,2,108
,scpdb_apbs_cutoff_fold1_apbs_shape_apbs_posneg_clip20,ResNet3D4L,apbs_shape,apbs_posneg_clip20,ResNet3D4L_best_model_in_terms_of_validation_paper_f1.pth,raw,0.05,top2,2,0.736842105263158,0.5943396226415094,0.9692307692307692,63,43,2,0.5833333333333334,0.7870370370370371,7.71772594423116,5.712942157318672,0.36412322664687685,0.36412322664687685,0.4387532732539307,220.57407407407408,1.4351851851851851,2,108
,scpdb_apbs_cutoff_fold1_apbs_shape_apbs_full_signed,ResNet3D4L,apbs_shape,apbs_full_signed,ResNet3D4L_best_model_in_terms_of_validation_paper_f1.pth,raw,0.1,top3,3,0.7368421052631579,0.6,0.9545454545454546,63,42,3,0.5833333333333334,0.8148148148148148,8.923580252460479,6.726680699080649,0.39138131122780384,0.39138131122780384,0.4936938790454373,156.39814814814815,1.4537037037037037,3,108
,scpdb_apbs_cutoff_fold1_apbs_shape_apbs_full_signed,ResNet3D4L,apbs_shape,apbs_full_signed,ResNet3D4L_best_model_in_terms_of_validation_paper_f1.pth,raw,0.1,top_n_plus_2,3,0.7368421052631579,0.6,0.9545454545454546,63,42,3,0.5833333333333334,0.8148148148148148,8.923580252460479,6.726680699080649,0.39138131122780384,0.39138131122780384,0.4936938790454373,156.39814814814815,1.4537037037037037,3,108
,scpdb_apbs_cutoff_fold1_apbs_shape_apbs_full_signed,ResNet3D4L,apbs_shape,apbs_full_signed,ResNet3D4L_best_model_in_terms_of_validation_paper_f1.pth,raw,0.2,top2,2,0.7368421052631579,0.6,0.9545454545454546,63,42,3,0.5833333333333334,0.8055555555555556,9.504389670943423,7.240897569273384,0.3900143757857912,0.3900143757857912,0.49988981053070103,143.1851851851852,1.3333333333333333,3,108
,scpdb_apbs_cutoff_fold1_apbs_shape_apbs_full_signed,UNet3D4LA,apbs_shape,apbs_full_signed,UNet3D4LA_best_model_in_terms_of_validation_paper_f1.pth,raw,0.45,top3,3,0.7294117647058824,0.5904761904761905,0.9538461538461539,62,43,3,0.5740740740740741,0.7870370370370371,8.639623305990868,6.653245697560824,0.40159849006922643,0.40159849006922643,0.4878751367798392,139.59259259259258,1.4166666666666667,3,108
,scpdb_apbs_cutoff_fold1_apbs_shape_apbs_full_signed,UNet3D4LA,apbs_shape,apbs_full_signed,UNet3D4LA_best_model_in_terms_of_validation_paper_f1.pth,raw,0.45,top_n_plus_2,3,0.7294117647058824,0.5904761904761905,0.9538461538461539,62,43,3,0.5740740740740741,0.7870370370370371,8.639623305990868,6.653245697560824,0.40159849006922643,0.40159849006922643,0.4878751367798392,139.59259259259258,1.4166666666666667,3,108
,scpdb_apbs_cutoff_fold1_apbs_shape_apbs_full_signed,UNet3D4LA,apbs_shape,apbs_full_signed,UNet3D4LA_best_model_in_terms_of_validation_paper_f1.pth,raw,0.45,top2,2,0.7294117647058824,0.5904761904761905,0.9538461538461539,62,43,3,0.5740740740740741,0.7870370370370371,8.852596862523022,6.865202139854558,0.40159849006922643,0.40159849006922643,0.4878751367798392,139.59259259259258,1.3240740740740742,3,108
,scpdb_apbs_cutoff_fold1_apbs_shape_apbs_full_signed,UNetPlusPlus3D,apbs_shape,apbs_full_signed,UNetPlusPlus3D_best_model_in_terms_of_validation_paper_f1.pth,raw,0.5,top3,3,0.7294117647058823,0.5849056603773585,0.96875,62,44,2,0.5740740740740741,0.7962962962962963,7.403045279765253,5.313932374657765,0.43339161941926563,0.43339161941926563,0.5333932289819578,142.32407407407408,1.4537037037037037,2,108
,scpdb_apbs_cutoff_fold1_apbs_shape_apbs_full_signed,UNetPlusPlus3D,apbs_shape,apbs_full_signed,UNetPlusPlus3D_best_model_in_terms_of_validation_paper_f1.pth,raw,0.5,top_n_plus_2,3,0.7294117647058823,0.5849056603773585,0.96875,62,44,2,0.5740740740740741,0.7962962962962963,7.403045279765253,5.313932374657765,0.43339161941926563,0.43339161941926563,0.5333932289819578,142.32407407407408,1.4537037037037037,2,108
,scpdb_apbs_cutoff_fold1_apbs_shape_apbs_full_signed,UNetPlusPlus3D,apbs_shape,apbs_full_signed,UNetPlusPlus3D_best_model_in_terms_of_validation_paper_f1.pth,raw,0.5,top2,2,0.7294117647058823,0.5849056603773585,0.96875,62,44,2,0.5740740740740741,0.7870370370370371,7.657463303871248,5.577880686652221,0.43157283635048255,0.43157283635048255,0.5333932289819578,142.32407407407408,1.3703703703703705,2,108
,scpdb_apbs_cutoff_fold1_apbs_shape_apbs_clip20_minmax,UNetPlusPlus3D,apbs_shape,apbs_clip20_minmax,UNetPlusPlus3D_best_model_in_terms_of_validation_paper_f1.pth,raw,0.2,top3,3,0.7218934911242604,0.580952380952381,0.953125,61,44,3,0.5648148148148148,0.8055555555555556,8.296784693113146,6.1369583739368245,0.430020093345298,0.430020093345298,0.5220876101005695,151.87037037037038,1.4166666666666667,3,108
,scpdb_apbs_cutoff_fold1_apbs_shape_apbs_clip20_minmax,UNetPlusPlus3D,apbs_shape,apbs_clip20_minmax,UNetPlusPlus3D_best_model_in_terms_of_validation_paper_f1.pth,raw,0.2,top_n_plus_2,3,0.7218934911242604,0.580952380952381,0.953125,61,44,3,0.5648148148148148,0.8055555555555556,8.296784693113146,6.1369583739368245,0.430020093345298,0.430020093345298,0.5220876101005695,151.87037037037038,1.4166666666666667,3,108
,scpdb_apbs_cutoff_fold1_apbs_shape_selected_chem_apbs_full_signed,UNet3D4LA,apbs_shape_selected_chem,apbs_full_signed,UNet3D4LA_best_model_in_terms_of_validation_paper_f1.pth,raw,0.9,top2,2,0.7218934911242603,0.5754716981132075,0.9682539682539683,61,45,2,0.5648148148148148,0.8240740740740741,7.728359126738747,5.521712904040568,0.38748948467908334,0.38748948467908334,0.47567002928309343,110.07407407407408,1.3796296296296295,2,108
,scpdb_apbs_cutoff_fold1_apbs_shape_selected_chem_apbs_full_signed,UNet3D4LA,apbs_shape_selected_chem,apbs_full_signed,UNet3D4LA_best_model_in_terms_of_validation_paper_f1.pth,raw,0.9,top3,3,0.7218934911242603,0.5754716981132075,0.9682539682539683,61,45,2,0.5648148148148148,0.8240740740740741,7.728359126738747,5.520636489384577,0.38748948467908334,0.38748948467908334,0.47567002928309343,110.07407407407408,1.4722222222222223,2,108
,scpdb_apbs_cutoff_fold1_apbs_shape_selected_chem_apbs_full_signed,UNet3D4LA,apbs_shape_selected_chem,apbs_full_signed,UNet3D4LA_best_model_in_terms_of_validation_paper_f1.pth,raw,0.9,top_n_plus_2,3,0.7218934911242603,0.5754716981132075,0.9682539682539683,61,45,2,0.5648148148148148,0.8240740740740741,7.728359126738747,5.520636489384577,0.38748948467908334,0.38748948467908334,0.47567002928309343,110.07407407407408,1.4722222222222223,2,108
,scpdb_apbs_cutoff_fold1_apbs_shape_selected_chem_apbs_posneg_clip20,UNetPlusPlus3D,apbs_shape_selected_chem,apbs_posneg_clip20,UNetPlusPlus3D_best_model_in_terms_of_validation_paper_f1.pth,raw,0.2,top3,3,0.7218934911242603,0.5700934579439252,0.9838709677419355,61,46,1,0.5648148148148148,0.8055555555555556,7.369136886615061,4.994581769983569,0.4145470219791123,0.41263584083999,0.5190752324630633,132.30555555555554,1.4537037037037037,1,108
,scpdb_apbs_cutoff_fold1_apbs_shape_selected_chem_apbs_posneg_clip20,UNetPlusPlus3D,apbs_shape_selected_chem,apbs_posneg_clip20,UNetPlusPlus3D_best_model_in_terms_of_validation_paper_f1.pth,raw,0.2,top_n_plus_2,3,0.7218934911242603,0.5700934579439252,0.9838709677419355,61,46,1,0.5648148148148148,0.8055555555555556,7.369136886615061,4.994581769983569,0.4145470219791123,0.41263584083999,0.5190752324630633,132.30555555555554,1.4537037037037037,1,108
,scpdb_apbs_cutoff_fold1_apbs_shape_selected_chem_apbs_posneg_clip20,UNet3D4LA,apbs_shape_selected_chem,apbs_posneg_clip20,UNet3D4LA_best_model_in_terms_of_validation_paper_f1.pth,raw,0.55,top3,3,0.7142857142857144,0.5660377358490566,0.967741935483871,60,46,2,0.5555555555555556,0.8148148148148148,7.321169440675,5.210210146059558,0.42789184687454296,0.42789184687454296,0.512312563684169,137.80555555555554,1.6018518518518519,2,108
,scpdb_apbs_cutoff_fold1_apbs_shape_selected_chem_apbs_posneg_clip20,UNet3D4LA,apbs_shape_selected_chem,apbs_posneg_clip20,UNet3D4LA_best_model_in_terms_of_validation_paper_f1.pth,raw,0.55,top_n_plus_2,3,0.7142857142857144,0.5660377358490566,0.967741935483871,60,46,2,0.5555555555555556,0.8148148148148148,7.321169440675,5.210210146059558,0.42789184687454296,0.42789184687454296,0.512312563684169,137.80555555555554,1.6018518518518519,2,108
,scpdb_apbs_cutoff_fold1_apbs_shape_selected_chem_apbs_clip20_minmax,CBAMUNet3D,apbs_shape_selected_chem,apbs_clip20_minmax,CBAMUNet3D_best_model_in_terms_of_validation_paper_f1.pth,raw,0.55,top3,3,0.7142857142857144,0.5660377358490566,0.967741935483871,60,46,2,0.5555555555555556,0.8148148148148148,8.034091656953263,5.704516102280115,0.37945902211394383,0.37945902211394383,0.46566847690712215,107.88888888888889,1.4166666666666667,2,108
,scpdb_apbs_cutoff_fold1_apbs_shape_selected_chem_apbs_clip20_minmax,CBAMUNet3D,apbs_shape_selected_chem,apbs_clip20_minmax,CBAMUNet3D_best_model_in_terms_of_validation_paper_f1.pth,raw,0.55,top_n_plus_2,3,0.7142857142857144,0.5660377358490566,0.967741935483871,60,46,2,0.5555555555555556,0.8148148148148148,8.034091656953263,5.704516102280115,0.37945902211394383,0.37945902211394383,0.46566847690712215,107.88888888888889,1.4166666666666667,2,108
,scpdb_apbs_cutoff_fold1_apbs_shape_selected_chem_apbs_clip20_minmax,CBAMUNet3D,apbs_shape_selected_chem,apbs_clip20_minmax,CBAMUNet3D_best_model_in_terms_of_validation_paper_f1.pth,raw,0.55,top2,2,0.7142857142857144,0.5660377358490566,0.967741935483871,60,46,2,0.5555555555555556,0.8055555555555556,8.175473936583925,5.847619566271605,0.37722994118115927,0.37722994118115927,0.46566847690712215,107.88888888888889,1.3333333333333333,2,108
,scpdb_apbs_cutoff_fold1_apbs_shape_apbs_clip20_minmax,UNetPlusPlus3D,apbs_shape,apbs_clip20_minmax,UNetPlusPlus3D_best_model_in_terms_of_validation_paper_f1.pth,raw,0.1,top2,2,0.7142857142857144,0.5660377358490566,0.967741935483871,60,46,2,0.5555555555555556,0.7870370370370371,7.586800504883566,5.386971605054045,0.4228911721375648,0.4228911721375648,0.5221250210053768,166.71296296296296,1.3240740740740742,2,108
,scpdb_apbs_cutoff_fold1_apbs_shape_apbs_full_signed,UNetPlusPlus3D,apbs_shape,apbs_full_signed,UNetPlusPlus3D_best_model_in_terms_of_validation_paper_f1.pth,raw,0.5,top1,1,0.7142857142857144,0.5660377358490566,0.967741935483871,60,46,2,0.5555555555555556,0.7314814814814815,10.25987557419893,8.125413686401206,0.4088607572321415,0.4088607572321415,0.5354281326301521,142.32407407407408,0.9814814814814815,2,108
,scpdb_apbs_cutoff_fold1_apbs_shape_apbs_posneg_clip20,UNetPlusPlus3D,apbs_shape,apbs_posneg_clip20,UNetPlusPlus3D_best_model_in_terms_of_validation_paper_f1.pth,raw,0.05,top2,2,0.7142857142857143,0.5769230769230769,0.9375,60,44,4,0.5555555555555556,0.7962962962962963,10.00680978193263,7.81528075517568,0.4074881610454974,0.4074881610454974,0.5168634367569661,162.55555555555554,1.3240740740740742,4,108
,scpdb_apbs_cutoff_fold1_apbs_shape_apbs_posneg_clip20,UNetPlusPlus3D,apbs_shape,apbs_posneg_clip20,UNetPlusPlus3D_best_model_in_terms_of_validation_paper_f1.pth,raw,0.05,top3,3,0.7142857142857143,0.5769230769230769,0.9375,60,44,4,0.5555555555555556,0.7962962962962963,10.00680978193263,7.81528075517568,0.4074881610454974,0.4074881610454974,0.5168634367569661,162.55555555555554,1.3796296296296295,4,108
,scpdb_apbs_cutoff_fold1_apbs_shape_apbs_posneg_clip20,UNetPlusPlus3D,apbs_shape,apbs_posneg_clip20,UNetPlusPlus3D_best_model_in_terms_of_validation_paper_f1.pth,raw,0.05,top_n_plus_2,3,0.7142857142857143,0.5769230769230769,0.9375,60,44,4,0.5555555555555556,0.7962962962962963,10.00680978193263,7.81528075517568,0.4074881610454974,0.4074881610454974,0.5168634367569661,162.55555555555554,1.3796296296296295,4,108
,scpdb_apbs_cutoff_fold1_apbs_shape_apbs_full_signed,ResNet3D4LGN,apbs_shape,apbs_full_signed,ResNet3D4LGN_best_model_in_terms_of_validation_paper_f1.pth,raw,0.3,top3,3,0.7142857142857143,0.5882352941176471,0.9090909090909091,60,42,6,0.5555555555555556,0.7777777777777778,11.612254260203665,9.568430073805242,0.3768280670292895,0.3768280670292895,0.460996560637253,121.96296296296296,1.4259259259259258,6,108
,scpdb_apbs_cutoff_fold1_apbs_shape_apbs_full_signed,ResNet3D4LGN,apbs_shape,apbs_full_signed,ResNet3D4LGN_best_model_in_terms_of_validation_paper_f1.pth,raw,0.3,top_n_plus_2,3,0.7142857142857143,0.5882352941176471,0.9090909090909091,60,42,6,0.5555555555555556,0.7777777777777778,11.612254260203665,9.568430073805242,0.3768280670292895,0.3768280670292895,0.460996560637253,121.96296296296296,1.4259259259259258,6,108
,scpdb_apbs_cutoff_fold1_apbs_shape_apbs_posneg_clip20,CBAMUNet3D,apbs_shape,apbs_posneg_clip20,CBAMUNet3D_best_model_in_terms_of_validation_paper_f1.pth,raw,0.3,top2,2,0.7142857142857143,0.6,0.8823529411764706,60,40,8,0.5555555555555556,0.7685185185185185,14.627764174460381,12.534355908198462,0.39189530112447024,0.39189530112447024,0.5150713684464734,118.43518518518519,1.1203703703703705,8,108
,scpdb_apbs_cutoff_fold1_apbs_shape_apbs_posneg_clip20,CBAMUNet3D,apbs_shape,apbs_posneg_clip20,CBAMUNet3D_best_model_in_terms_of_validation_paper_f1.pth,raw,0.3,top3,3,0.7142857142857143,0.6,0.8823529411764706,60,40,8,0.5555555555555556,0.7685185185185185,14.627764174460381,12.534355908198462,0.39189530112447024,0.39189530112447024,0.5150713684464734,118.43518518518519,1.1388888888888888,8,108
,scpdb_apbs_cutoff_fold1_apbs_shape_apbs_posneg_clip20,CBAMUNet3D,apbs_shape,apbs_posneg_clip20,CBAMUNet3D_best_model_in_terms_of_validation_paper_f1.pth,raw,0.3,top_n_plus_2,3,0.7142857142857143,0.6,0.8823529411764706,60,40,8,0.5555555555555556,0.7685185185185185,14.627764174460381,12.534355908198462,0.39189530112447024,0.39189530112447024,0.5150713684464734,118.43518518518519,1.1388888888888888,8,108
,scpdb_apbs_cutoff_fold1_apbs_shape_apbs_full_signed,ResNet3D4LGN,apbs_shape,apbs_full_signed,ResNet3D4LGN_best_model_in_terms_of_validation_paper_f1.pth,raw,0.3,top2,2,0.7142857142857143,0.5882352941176471,0.9090909090909091,60,42,6,0.5555555555555556,0.7685185185185185,11.725593555888441,9.671468930028038,0.37568651451787394,0.37568651451787394,0.460996560637253,121.96296296296296,1.3240740740740742,6,108
,scpdb_apbs_cutoff_fold1_apbs_shape_apbs_full_signed,CBAMUNet3D,apbs_shape,apbs_full_signed,CBAMUNet3D_best_model_in_terms_of_validation_paper_f1.pth,raw,0.4,top1,1,0.7142857142857143,0.5769230769230769,0.9375,60,44,4,0.5555555555555556,0.7314814814814815,12.381755241680313,10.212770402525948,0.37578292764286736,0.37578292764286736,0.4916887491016938,120.72222222222223,0.9629629629629629,4,108
,scpdb_apbs_cutoff_fold1_apbs_shape_selected_chem_apbs_clip20_minmax,ResNet3D4LGN,apbs_shape_selected_chem,apbs_clip20_minmax,ResNet3D4LGN_best_model_in_terms_of_validation_paper_f1.pth,raw,0.6,top3,3,0.7142857142857142,0.5714285714285714,0.9523809523809523,60,45,3,0.5555555555555556,0.8240740740740741,8.06528079403042,5.935852744733082,0.4053488183404638,0.4053488183404638,0.49048601543063974,126.04629629629629,1.5740740740740742,3,108
,scpdb_apbs_cutoff_fold1_apbs_shape_selected_chem_apbs_clip20_minmax,ResNet3D4LGN,apbs_shape_selected_chem,apbs_clip20_minmax,ResNet3D4LGN_best_model_in_terms_of_validation_paper_f1.pth,raw,0.6,top_n_plus_2,3,0.7142857142857142,0.5714285714285714,0.9523809523809523,60,45,3,0.5555555555555556,0.8240740740740741,8.06528079403042,5.935852744733082,0.4053488183404638,0.4053488183404638,0.49048601543063974,126.04629629629629,1.5740740740740742,3,108
,scpdb_apbs_cutoff_fold1_apbs_shape_selected_chem_apbs_posneg_clip20,UNetPlusPlus3D,apbs_shape_selected_chem,apbs_posneg_clip20,UNetPlusPlus3D_best_model_in_terms_of_validation_paper_f1.pth,raw,0.2,top2,2,0.7142857142857142,0.5607476635514018,0.9836065573770492,60,47,1,0.5555555555555556,0.8055555555555556,7.414955871820519,5.002341662239035,0.4145470219791123,0.4145470219791123,0.5266848196707811,132.30555555555554,1.3888888888888888,1,108
,scpdb_apbs_cutoff_fold1_apbs_shape_apbs_posneg_clip20,UNet3D4LA,apbs_shape,apbs_posneg_clip20,UNet3D4LA_best_model_in_terms_of_validation_paper_f1.pth,raw,0.3,top3,3,0.7142857142857142,0.5607476635514018,0.9836065573770492,60,47,1,0.5555555555555556,0.7962962962962963,6.017608262983083,3.9048248260740186,0.41191377095727627,0.41191377095727627,0.503913607624425,227.7962962962963,1.6296296296296295,1,108
,scpdb_apbs_cutoff_fold1_apbs_shape_apbs_posneg_clip20,UNet3D4LA,apbs_shape,apbs_posneg_clip20,UNet3D4LA_best_model_in_terms_of_validation_paper_f1.pth,raw,0.3,top_n_plus_2,3,0.7142857142857142,0.5607476635514018,0.9836065573770492,60,47,1,0.5555555555555556,0.7962962962962963,6.017608262983083,3.9048248260740186,0.41191377095727627,0.41191377095727627,0.503913607624425,227.7962962962963,1.6296296296296295,1,108
,scpdb_apbs_cutoff_fold1_apbs_shape_apbs_posneg_clip20,UNet3D4LA,apbs_shape,apbs_posneg_clip20,UNet3D4LA_best_model_in_terms_of_validation_paper_f1.pth,raw,0.3,top2,2,0.7142857142857142,0.5607476635514018,0.9836065573770492,60,47,1,0.5555555555555556,0.7870370370370371,6.2838262427230935,4.175405509445606,0.4104368338975171,0.4104368338975171,0.503913607624425,227.7962962962963,1.4351851851851851,1,108
,scpdb_apbs_cutoff_fold1_apbs_shape_apbs_full_signed,ResNet3D4L,apbs_shape,apbs_full_signed,ResNet3D4L_best_model_in_terms_of_validation_paper_f1.pth,raw,0.2,top1,1,0.7142857142857142,0.5714285714285714,0.9523809523809523,60,45,3,0.5555555555555556,0.7314814814814815,12.58591429232695,10.244084684388675,0.361189737408937,0.361189737408937,0.5068260114684348,143.1851851851852,0.9722222222222222,3,108
,scpdb_apbs_cutoff_fold1_apbs_shape_selected_chem_apbs_clip20_minmax,UNetPlusPlus3D,apbs_shape_selected_chem,apbs_clip20_minmax,UNetPlusPlus3D_best_model_in_terms_of_validation_paper_f1.pth,raw,0.1,top3,3,0.7065868263473054,0.5462962962962963,1.0,59,49,0,0.5462962962962963,0.8518518518518519,5.715816405096056,3.3463806555044546,0.42517876397948223,0.42517876397948223,0.5245634390096813,159.61111111111111,1.537037037037037,0,108
,scpdb_apbs_cutoff_fold1_apbs_shape_selected_chem_apbs_clip20_minmax,UNetPlusPlus3D,apbs_shape_selected_chem,apbs_clip20_minmax,UNetPlusPlus3D_best_model_in_terms_of_validation_paper_f1.pth,raw,0.1,top_n_plus_2,3,0.7065868263473054,0.5462962962962963,1.0,59,49,0,0.5462962962962963,0.8518518518518519,5.715816405096056,3.3463806555044546,0.42517876397948223,0.42517876397948223,0.5245634390096813,159.61111111111111,1.537037037037037,0,108
,scpdb_apbs_cutoff_fold1_apbs_shape_selected_chem_apbs_full_signed,ResNet3D4LGN,apbs_shape_selected_chem,apbs_full_signed,ResNet3D4LGN_best_model_in_terms_of_validation_paper_f1.pth,raw,0.1,top3,3,0.7065868263473054,0.5566037735849056,0.9672131147540983,59,47,2,0.5462962962962963,0.8240740740740741,7.364676576391259,5.041405359928939,0.40259367977190574,0.40199742387160087,0.4872608796744865,157.37962962962962,1.4814814814814814,2,108
,scpdb_apbs_cutoff_fold1_apbs_shape_selected_chem_apbs_full_signed,ResNet3D4LGN,apbs_shape_selected_chem,apbs_full_signed,ResNet3D4LGN_best_model_in_terms_of_validation_paper_f1.pth,raw,0.1,top_n_plus_2,3,0.7065868263473054,0.5566037735849056,0.9672131147540983,59,47,2,0.5462962962962963,0.8240740740740741,7.364676576391259,5.041405359928939,0.40259367977190574,0.40199742387160087,0.4872608796744865,157.37962962962962,1.4814814814814814,2,108
,scpdb_apbs_cutoff_fold1_apbs_shape_selected_chem_apbs_full_signed,UNetPlusPlus3D,apbs_shape_selected_chem,apbs_full_signed,UNetPlusPlus3D_best_model_in_terms_of_validation_paper_f1.pth,raw,0.4,top3,3,0.7065868263473054,0.5673076923076923,0.9365079365079365,59,45,4,0.5462962962962963,0.7962962962962963,11.325348968144304,9.05391572053724,0.41124790095228586,0.41124790095228586,0.5512890725353619,114.58333333333333,1.2592592592592593,4,108
,scpdb_apbs_cutoff_fold1_apbs_shape_selected_chem_apbs_full_signed,UNetPlusPlus3D,apbs_shape_selected_chem,apbs_full_signed,UNetPlusPlus3D_best_model_in_terms_of_validation_paper_f1.pth,raw,0.4,top_n_plus_2,3,0.7065868263473054,0.5673076923076923,0.9365079365079365,59,45,4,0.5462962962962963,0.7962962962962963,11.325348968144304,9.05391572053724,0.41124790095228586,0.41124790095228586,0.5512890725353619,114.58333333333333,1.2592592592592593,4,108
,scpdb_apbs_cutoff_fold1_apbs_shape_selected_chem_apbs_full_signed,UNetPlusPlus3D,apbs_shape_selected_chem,apbs_full_signed,UNetPlusPlus3D_best_model_in_terms_of_validation_paper_f1.pth,raw,0.4,top2,2,0.7065868263473054,0.5673076923076923,0.9365079365079365,59,45,4,0.5462962962962963,0.7962962962962963,11.337957842394175,9.07694877763618,0.41124790095228586,0.41124790095228586,0.5512890725353619,114.58333333333333,1.2314814814814814,4,108
,scpdb_apbs_cutoff_fold1_apbs_shape_selected_chem_apbs_posneg_clip20,UNet3D4LA,apbs_shape_selected_chem,apbs_posneg_clip20,UNet3D4LA_best_model_in_terms_of_validation_paper_f1.pth,raw,0.45,top2,2,0.7065868263473054,0.5566037735849056,0.9672131147540983,59,47,2,0.5462962962962963,0.7962962962962963,7.726772444868543,5.576221985192391,0.421247983778302,0.421247983778302,0.520290299681887,145.12962962962962,1.3888888888888888,2,108
,scpdb_apbs_cutoff_fold1_apbs_shape_selected_chem_apbs_full_signed,CBAMUNet3D,apbs_shape_selected_chem,apbs_full_signed,CBAMUNet3D_best_model_in_terms_of_validation_paper_f1.pth,raw,0.6,top3,3,0.7065868263473054,0.5728155339805825,0.921875,59,44,5,0.5462962962962963,0.7962962962962963,10.85607313721479,8.768741692169913,0.3821529110293858,0.3817271011483505,0.4776617888698915,109.26851851851852,1.3518518518518519,5,108
,scpdb_apbs_cutoff_fold1_apbs_shape_selected_chem_apbs_full_signed,CBAMUNet3D,apbs_shape_selected_chem,apbs_full_signed,CBAMUNet3D_best_model_in_terms_of_validation_paper_f1.pth,raw,0.6,top_n_plus_2,3,0.7065868263473054,0.5728155339805825,0.921875,59,44,5,0.5462962962962963,0.7962962962962963,10.85607313721479,8.768741692169913,0.3821529110293858,0.3817271011483505,0.4776617888698915,109.26851851851852,1.3518518518518519,5,108
,scpdb_apbs_cutoff_fold1_apbs_shape_apbs_clip20_minmax,UNet3D4LA,apbs_shape,apbs_clip20_minmax,UNet3D4LA_best_model_in_terms_of_validation_paper_f1.pth,raw,0.2,top3,3,0.7065868263473054,0.5784313725490197,0.9076923076923077,59,43,6,0.5462962962962963,0.7407407407407407,12.2680719054847,10.236506174779462,0.38728369104435223,0.38728369104435223,0.5068005807816764,133.19444444444446,1.2222222222222223,6,108
,scpdb_apbs_cutoff_fold1_apbs_shape_apbs_clip20_minmax,UNet3D4LA,apbs_shape,apbs_clip20_minmax,UNet3D4LA_best_model_in_terms_of_validation_paper_f1.pth,raw,0.2,top_n_plus_2,3,0.7065868263473054,0.5784313725490197,0.9076923076923077,59,43,6,0.5462962962962963,0.7407407407407407,12.2680719054847,10.236506174779462,0.38728369104435223,0.38728369104435223,0.5068005807816764,133.19444444444446,1.2222222222222223,6,108
,scpdb_apbs_cutoff_fold1_apbs_shape_apbs_clip20_minmax,UNet3D4LA,apbs_shape,apbs_clip20_minmax,UNet3D4LA_best_model_in_terms_of_validation_paper_f1.pth,raw,0.2,top2,2,0.7065868263473054,0.5784313725490197,0.9076923076923077,59,43,6,0.5462962962962963,0.7407407407407407,12.352279282624249,10.340162189227287,0.3863577651184264,0.3863577651184264,0.5068005807816764,133.19444444444446,1.2037037037037037,6,108
,scpdb_apbs_cutoff_fold1_apbs_shape_selected_chem_apbs_clip20_minmax,UNetPlusPlus3D,apbs_shape_selected_chem,apbs_clip20_minmax,UNetPlusPlus3D_best_model_in_terms_of_validation_paper_f1.pth,raw,0.05,top2,2,0.6987951807228916,0.5370370370370371,1.0,58,50,0,0.5370370370370371,0.8425925925925926,6.049890273334903,3.6344506358350723,0.42337883005974725,0.42337883005974725,0.5245275006860889,172.0648148148148,1.4814814814814814,0,108
,scpdb_apbs_cutoff_fold1_apbs_shape_apbs_clip20_minmax,ResNet3D4L,apbs_shape,apbs_clip20_minmax,ResNet3D4L_best_model_in_terms_of_validation_paper_f1.pth,raw,0.55,top3,3,0.6987951807228916,0.5576923076923077,0.9354838709677419,58,46,4,0.5370370370370371,0.8148148148148148,9.926629785879962,7.916341156259885,0.4120442669877633,0.4120442669877633,0.51469363714173,130.11111111111111,1.4537037037037037,4,108
,scpdb_apbs_cutoff_fold1_apbs_shape_apbs_clip20_minmax,ResNet3D4L,apbs_shape,apbs_clip20_minmax,ResNet3D4L_best_model_in_terms_of_validation_paper_f1.pth,raw,0.55,top_n_plus_2,3,0.6987951807228916,0.5576923076923077,0.9354838709677419,58,46,4,0.5370370370370371,0.8148148148148148,9.926629785879962,7.916341156259885,0.4120442669877633,0.4120442669877633,0.51469363714173,130.11111111111111,1.4537037037037037,4,108
,scpdb_apbs_cutoff_fold1_apbs_shape_selected_chem_apbs_full_signed,ResNet3D4LGN,apbs_shape_selected_chem,apbs_full_signed,ResNet3D4LGN_best_model_in_terms_of_validation_paper_f1.pth,raw,0.1,top2,2,0.6987951807228916,0.5471698113207547,0.9666666666666667,58,48,2,0.5370370370370371,0.8148148148148148,7.806931202338782,5.481081215529111,0.40173235332918394,0.40113609742887907,0.49405808008587504,157.37962962962962,1.4074074074074074,2,108
,scpdb_apbs_cutoff_fold1_apbs_shape_apbs_clip20_minmax,ResNet3D4L,apbs_shape,apbs_clip20_minmax,ResNet3D4L_best_model_in_terms_of_validation_paper_f1.pth,raw,0.55,top2,2,0.6987951807228916,0.5576923076923077,0.9354838709677419,58,46,4,0.5370370370370371,0.8055555555555556,10.219239476253433,8.195896352958147,0.41070327081918095,0.41070327081918095,0.51469363714173,130.11111111111111,1.3333333333333333,4,108
,scpdb_apbs_cutoff_fold1_apbs_shape_apbs_clip20_minmax,CBAMUNet3D,apbs_shape,apbs_clip20_minmax,CBAMUNet3D_best_model_in_terms_of_validation_paper_f1.pth,raw,0.2,top2,2,0.6987951807228916,0.5576923076923077,0.9354838709677419,58,46,4,0.5370370370370371,0.7685185185185185,9.296878557810087,7.062210460305353,0.3878709602695216,0.3878709602695216,0.4712753224696358,136.2037037037037,1.2592592592592593,4,108
,scpdb_apbs_cutoff_fold1_apbs_shape_apbs_clip20_minmax,CBAMUNet3D,apbs_shape,apbs_clip20_minmax,CBAMUNet3D_best_model_in_terms_of_validation_paper_f1.pth,raw,0.2,top3,3,0.6987951807228916,0.5576923076923077,0.9354838709677419,58,46,4,0.5370370370370371,0.7685185185185185,9.296878557810087,7.062210460305353,0.3878709602695216,0.3878709602695216,0.4712753224696358,136.2037037037037,1.287037037037037,4,108
,scpdb_apbs_cutoff_fold1_apbs_shape_apbs_clip20_minmax,CBAMUNet3D,apbs_shape,apbs_clip20_minmax,CBAMUNet3D_best_model_in_terms_of_validation_paper_f1.pth,raw,0.2,top_n_plus_2,3,0.6987951807228916,0.5576923076923077,0.9354838709677419,58,46,4,0.5370370370370371,0.7685185185185185,9.296878557810087,7.062210460305353,0.3878709602695216,0.3878709602695216,0.4712753224696358,136.2037037037037,1.287037037037037,4,108
,scpdb_apbs_cutoff_fold1_apbs_shape_selected_chem_apbs_full_signed,UNetPlusPlus3D,apbs_shape_selected_chem,apbs_full_signed,UNetPlusPlus3D_best_model_in_terms_of_validation_paper_f1.pth,raw,0.4,top1,1,0.6987951807228916,0.5576923076923077,0.9354838709677419,58,46,4,0.5370370370370371,0.7592592592592593,12.575384184215677,10.289094584019837,0.39893230266805507,0.39893230266805507,0.551272697820969,114.58333333333333,0.9629629629629629,4,108
,scpdb_apbs_cutoff_fold1_apbs_shape_selected_chem_apbs_posneg_clip20,CBAMUNet3D,apbs_shape_selected_chem,apbs_posneg_clip20,CBAMUNet3D_best_model_in_terms_of_validation_paper_f1.pth,raw,0.1,top2,2,0.6987951807228916,0.5576923076923077,0.9354838709677419,58,46,4,0.5370370370370371,0.7592592592592593,10.420524075844682,8.257092354923767,0.38859146010284074,0.38859146010284074,0.4906567039283493,145.61111111111111,1.2592592592592593,4,108
,scpdb_apbs_cutoff_fold1_apbs_shape_selected_chem_apbs_posneg_clip20,CBAMUNet3D,apbs_shape_selected_chem,apbs_posneg_clip20,CBAMUNet3D_best_model_in_terms_of_validation_paper_f1.pth,raw,0.1,top3,3,0.6987951807228916,0.5576923076923077,0.9354838709677419,58,46,4,0.5370370370370371,0.7592592592592593,10.420524075844682,8.257092354923767,0.38859146010284074,0.38859146010284074,0.4906567039283493,145.61111111111111,1.3333333333333333,4,108
,scpdb_apbs_cutoff_fold1_apbs_shape_selected_chem_apbs_posneg_clip20,CBAMUNet3D,apbs_shape_selected_chem,apbs_posneg_clip20,CBAMUNet3D_best_model_in_terms_of_validation_paper_f1.pth,raw,0.1,top_n_plus_2,3,0.6987951807228916,0.5576923076923077,0.9354838709677419,58,46,4,0.5370370370370371,0.7592592592592593,10.420524075844682,8.257092354923767,0.38859146010284074,0.38859146010284074,0.4906567039283493,145.61111111111111,1.3333333333333333,4,108
,scpdb_apbs_cutoff_fold1_apbs_shape_selected_chem_apbs_clip20_minmax,ResNet3D4LGN,apbs_shape_selected_chem,apbs_clip20_minmax,ResNet3D4LGN_best_model_in_terms_of_validation_paper_f1.pth,raw,0.6,top2,2,0.6987951807228915,0.5523809523809524,0.9508196721311475,58,47,3,0.5370370370370371,0.7962962962962963,8.714067066748335,6.506527680055869,0.3998529790649194,0.3998529790649194,0.4994268590528137,126.04629629629629,1.4351851851851851,3,108
,scpdb_apbs_cutoff_fold1_apbs_shape_apbs_full_signed,UNet3D4LA,apbs_shape,apbs_full_signed,UNet3D4LA_best_model_in_terms_of_validation_paper_f1.pth,raw,0.9,top1,1,0.6987951807228915,0.5686274509803921,0.90625,58,44,6,0.5370370370370371,0.7777777777777778,13.252444043381807,11.175418335767361,0.3635727595161376,0.3635727595161376,0.47288239902380436,102.78703703703704,0.9444444444444444,6,108
,scpdb_apbs_cutoff_fold1_apbs_shape_apbs_posneg_clip20,ResNet3D4L,apbs_shape,apbs_posneg_clip20,ResNet3D4L_best_model_in_terms_of_validation_paper_f1.pth,raw,0.8,top1,1,0.6987951807228915,0.5742574257425742,0.8923076923076924,58,43,7,0.5370370370370371,0.6944444444444444,15.397259534464174,13.412537845508957,0.35388091332335114,0.35388091332335114,0.4914122560989138,115.53703703703704,0.9351851851851852,7,108
,scpdb_apbs_cutoff_fold1_apbs_shape_apbs_posneg_clip20,ResNet3D4LGN,apbs_shape,apbs_posneg_clip20,ResNet3D4LGN_best_model_in_terms_of_validation_paper_f1.pth,raw,0.7,top3,3,0.6909090909090909,0.5480769230769231,0.9344262295081968,57,47,4,0.5277777777777778,0.8148148148148148,9.520155054172262,7.401909300982971,0.3710845938226297,0.3710845938226297,0.45967705172518714,98.79629629629629,1.3981481481481481,4,108
,scpdb_apbs_cutoff_fold1_apbs_shape_apbs_posneg_clip20,ResNet3D4LGN,apbs_shape,apbs_posneg_clip20,ResNet3D4LGN_best_model_in_terms_of_validation_paper_f1.pth,raw,0.7,top_n_plus_2,3,0.6909090909090909,0.5480769230769231,0.9344262295081968,57,47,4,0.5277777777777778,0.8148148148148148,9.520155054172262,7.401909300982971,0.3710845938226297,0.3710845938226297,0.45967705172518714,98.79629629629629,1.3981481481481481,4,108
,scpdb_apbs_cutoff_fold1_apbs_shape_apbs_posneg_clip20,ResNet3D4LGN,apbs_shape,apbs_posneg_clip20,ResNet3D4LGN_best_model_in_terms_of_validation_paper_f1.pth,raw,0.7,top2,2,0.6909090909090909,0.5480769230769231,0.9344262295081968,57,47,4,0.5277777777777778,0.7962962962962963,9.781854618217176,7.601288241364951,0.36927622968549845,0.36927622968549845,0.45967705172518714,98.79629629629629,1.3611111111111112,4,108
,scpdb_apbs_cutoff_fold1_apbs_shape_selected_chem_apbs_posneg_clip20,UNetPlusPlus3D,apbs_shape_selected_chem,apbs_posneg_clip20,UNetPlusPlus3D_best_model_in_terms_of_validation_paper_f1.pth,raw,0.2,top1,1,0.6909090909090909,0.5327102803738317,0.9827586206896551,57,50,1,0.5277777777777778,0.7685185185185185,9.610448885803713,7.1753696731763945,0.3939672852947688,0.3939672852947688,0.5387088383236028,132.30555555555554,0.9907407407407407,1,108
,scpdb_apbs_cutoff_fold1_apbs_shape_selected_chem_apbs_full_signed,CBAMUNet3D,apbs_shape_selected_chem,apbs_full_signed,CBAMUNet3D_best_model_in_terms_of_validation_paper_f1.pth,raw,0.2,top2,2,0.6909090909090909,0.5480769230769231,0.9344262295081968,57,47,4,0.5277777777777778,0.7685185185185185,9.847753463474863,7.584633989193686,0.3965313641653434,0.3965313641653434,0.5068787017005965,137.0185185185185,1.3148148148148149,4,108
,scpdb_apbs_cutoff_fold1_apbs_shape_apbs_posneg_clip20,CBAMUNet3D,apbs_shape,apbs_posneg_clip20,CBAMUNet3D_best_model_in_terms_of_validation_paper_f1.pth,raw,0.3,top1,1,0.6909090909090909,0.57,0.8769230769230769,57,43,8,0.5277777777777778,0.7129629629629629,16.256473537429493,14.064321813513049,0.3727113825757813,0.3727113825757813,0.5214623757818729,118.43518518518519,0.9259259259259259,8,108
,scpdb_apbs_cutoff_fold1_apbs_shape_selected_chem_apbs_posneg_clip20,ResNet3D4LGN,apbs_shape_selected_chem,apbs_posneg_clip20,ResNet3D4LGN_best_model_in_terms_of_validation_paper_f1.pth,raw,0.5,top3,3,0.6909090909090908,0.5377358490566038,0.9661016949152542,57,49,2,0.5277777777777778,0.8055555555555556,7.798891937193754,5.409631307493803,0.36686591254593887,0.36671186664025895,0.44013883944079485,109.53703703703704,1.5740740740740742,2,108
,scpdb_apbs_cutoff_fold1_apbs_shape_selected_chem_apbs_posneg_clip20,ResNet3D4LGN,apbs_shape_selected_chem,apbs_posneg_clip20,ResNet3D4LGN_best_model_in_terms_of_validation_paper_f1.pth,raw,0.5,top_n_plus_2,3,0.6909090909090908,0.5377358490566038,0.9661016949152542,57,49,2,0.5277777777777778,0.8055555555555556,7.798891937193754,5.409631307493803,0.36686591254593887,0.36671186664025895,0.44013883944079485,109.53703703703704,1.5740740740740742,2,108
,scpdb_apbs_cutoff_fold1_apbs_shape_selected_chem_apbs_posneg_clip20,ResNet3D4LGN,apbs_shape_selected_chem,apbs_posneg_clip20,ResNet3D4LGN_best_model_in_terms_of_validation_paper_f1.pth,raw,0.5,top2,2,0.6909090909090908,0.5377358490566038,0.9661016949152542,57,49,2,0.5277777777777778,0.8055555555555556,7.88934984279676,5.5183570656712675,0.3659399866200129,0.365785940714333,0.44013883944079485,109.53703703703704,1.4351851851851851,2,108
,scpdb_apbs_cutoff_fold1_apbs_shape_selected_chem_apbs_full_signed,UNet3D4LA,apbs_shape_selected_chem,apbs_full_signed,UNet3D4LA_best_model_in_terms_of_validation_paper_f1.pth,raw,0.9,top1,1,0.6909090909090908,0.5377358490566038,0.9661016949152542,57,49,2,0.5277777777777778,0.7592592592592593,9.703814005043023,7.350920876848043,0.36753144511097463,0.36753144511097463,0.48228395144535835,110.07407407407408,0.9814814814814815,2,108
,scpdb_apbs_cutoff_fold1_apbs_shape_apbs_clip20_minmax,UNetPlusPlus3D,apbs_shape,apbs_clip20_minmax,UNetPlusPlus3D_best_model_in_terms_of_validation_paper_f1.pth,raw,0.45,top1,1,0.6909090909090908,0.5428571428571428,0.95,57,48,3,0.5277777777777778,0.75,10.436687937516078,8.104461676664796,0.3987605418505203,0.3987605418505203,0.5324711854005217,127.58333333333333,0.9722222222222222,3,108
,scpdb_apbs_cutoff_fold1_apbs_shape_selected_chem_apbs_clip20_minmax,CBAMUNet3D,apbs_shape_selected_chem,apbs_clip20_minmax,CBAMUNet3D_best_model_in_terms_of_validation_paper_f1.pth,raw,0.3,top1,1,0.6909090909090908,0.5377358490566038,0.9661016949152542,57,49,2,0.5277777777777778,0.7407407407407407,10.691840401477927,8.248648824910246,0.3609500312628043,0.3609500312628043,0.48378088085901033,125.43518518518519,0.9814814814814815,2,108
,scpdb_apbs_cutoff_fold1_apbs_shape_apbs_clip20_minmax,UNet3D4LA,apbs_shape,apbs_clip20_minmax,UNet3D4LA_best_model_in_terms_of_validation_paper_f1.pth,raw,0.3,top1,1,0.6909090909090908,0.5588235294117647,0.9047619047619048,57,45,6,0.5277777777777778,0.7222222222222222,13.64481430521322,11.480360923626957,0.3773273541238382,0.3773273541238382,0.5178276370799361,125.68518518518519,0.9444444444444444,6,108
,scpdb_apbs_cutoff_fold1_apbs_shape_selected_chem_apbs_posneg_clip20,ResNet3D4L,apbs_shape_selected_chem,apbs_posneg_clip20,ResNet3D4L_best_model_in_terms_of_validation_paper_f1.pth,raw,0.6,top3,3,0.6829268292682927,0.5490196078431373,0.9032258064516129,56,46,6,0.5185185185185185,0.7870370370370371,11.967983915377063,9.707503727538782,0.3800721419346277,0.3800721419346277,0.4887725497275706,111.20370370370371,1.4259259259259258,6,108
,scpdb_apbs_cutoff_fold1_apbs_shape_selected_chem_apbs_posneg_clip20,ResNet3D4L,apbs_shape_selected_chem,apbs_posneg_clip20,ResNet3D4L_best_model_in_terms_of_validation_paper_f1.pth,raw,0.6,top_n_plus_2,3,0.6829268292682927,0.5490196078431373,0.9032258064516129,56,46,6,0.5185185185185185,0.7870370370370371,11.967983915377063,9.707503727538782,0.3800721419346277,0.3800721419346277,0.4887725497275706,111.20370370370371,1.4259259259259258,6,108
,scpdb_apbs_cutoff_fold1_apbs_shape_apbs_clip20_minmax,ResNet3D4LGN,apbs_shape,apbs_clip20_minmax,ResNet3D4LGN_best_model_in_terms_of_validation_paper_f1.pth,raw,0.6,top3,3,0.6829268292682927,0.56,0.875,56,44,8,0.5185185185185185,0.7685185185185185,14.559839283756993,12.421037811469416,0.3481315910901383,0.3475566113484919,0.4410144657306349,101.88888888888889,1.3888888888888888,8,108
,scpdb_apbs_cutoff_fold1_apbs_shape_apbs_clip20_minmax,ResNet3D4LGN,apbs_shape,apbs_clip20_minmax,ResNet3D4LGN_best_model_in_terms_of_validation_paper_f1.pth,raw,0.6,top_n_plus_2,3,0.6829268292682927,0.56,0.875,56,44,8,0.5185185185185185,0.7685185185185185,14.559839283756993,12.421037811469416,0.3481315910901383,0.3475566113484919,0.4410144657306349,101.88888888888889,1.3888888888888888,8,108
,scpdb_apbs_cutoff_fold1_apbs_shape_selected_chem_apbs_clip20_minmax,ResNet3D4L,apbs_shape_selected_chem,apbs_clip20_minmax,ResNet3D4L_best_model_in_terms_of_validation_paper_f1.pth,raw,0.4,top3,3,0.6829268292682927,0.5436893203883495,0.9180327868852459,56,47,5,0.5185185185185185,0.75,14.044324203820883,11.736798495282915,0.3821804204802571,0.3821804204802571,0.5412921126466236,113.70370370370371,1.2037037037037037,5,108
,scpdb_apbs_cutoff_fold1_apbs_shape_selected_chem_apbs_clip20_minmax,ResNet3D4L,apbs_shape_selected_chem,apbs_clip20_minmax,ResNet3D4L_best_model_in_terms_of_validation_paper_f1.pth,raw,0.4,top_n_plus_2,3,0.6829268292682927,0.5436893203883495,0.9180327868852459,56,47,5,0.5185185185185185,0.75,14.044324203820883,11.736798495282915,0.3821804204802571,0.3821804204802571,0.5412921126466236,113.70370370370371,1.2037037037037037,5,108
,scpdb_apbs_cutoff_fold1_apbs_shape_selected_chem_apbs_clip20_minmax,ResNet3D4L,apbs_shape_selected_chem,apbs_clip20_minmax,ResNet3D4L_best_model_in_terms_of_validation_paper_f1.pth,raw,0.4,top2,2,0.6829268292682927,0.5436893203883495,0.9180327868852459,56,47,5,0.5185185185185185,0.7407407407407407,14.175607852608652,11.84519988179347,0.3781954228243733,0.3781954228243733,0.5412921126466236,113.70370370370371,1.1851851851851851,5,108
,scpdb_apbs_cutoff_fold1_apbs_shape_apbs_clip20_minmax,ResNet3D4LGN,apbs_shape,apbs_clip20_minmax,ResNet3D4LGN_best_model_in_terms_of_validation_paper_f1.pth,raw,0.05,top2,2,0.6829268292682926,0.5384615384615384,0.9333333333333333,56,48,4,0.5185185185185185,0.7777777777777778,9.55218722194097,7.363048227556559,0.36250805599190744,0.3623427120765635,0.4372005875702549,167.14814814814815,1.4166666666666667,4,108
,scpdb_apbs_cutoff_fold1_apbs_shape_apbs_posneg_clip20,UNetPlusPlus3D,apbs_shape,apbs_posneg_clip20,UNetPlusPlus3D_best_model_in_terms_of_validation_paper_f1.pth,raw,0.05,top1,1,0.6829268292682926,0.5384615384615384,0.9333333333333333,56,48,4,0.5185185185185185,0.7222222222222222,12.789873668079183,10.485043727521223,0.37643309726005003,0.37643309726005003,0.5237203238525484,162.55555555555554,0.9629629629629629,4,108
,scpdb_apbs_cutoff_fold1_apbs_shape_selected_chem_apbs_full_signed,ResNet3D4L,apbs_shape_selected_chem,apbs_full_signed,ResNet3D4L_best_model_in_terms_of_validation_paper_f1.pth,raw,0.9,top3,3,0.6748466257668712,0.5339805825242718,0.9166666666666666,55,48,5,0.5092592592592593,0.7777777777777778,13.269167160742896,11.004595708842736,0.3752986970350514,0.3752986970350514,0.49995338139554363,99.66666666666667,1.2407407407407407,5,108
,scpdb_apbs_cutoff_fold1_apbs_shape_selected_chem_apbs_full_signed,ResNet3D4L,apbs_shape_selected_chem,apbs_full_signed,ResNet3D4L_best_model_in_terms_of_validation_paper_f1.pth,raw,0.9,top_n_plus_2,3,0.6748466257668712,0.5339805825242718,0.9166666666666666,55,48,5,0.5092592592592593,0.7777777777777778,13.269167160742896,11.004595708842736,0.3752986970350514,0.3752986970350514,0.49995338139554363,99.66666666666667,1.2407407407407407,5,108
,scpdb_apbs_cutoff_fold1_apbs_shape_selected_chem_apbs_posneg_clip20,ResNet3D4L,apbs_shape_selected_chem,apbs_posneg_clip20,ResNet3D4L_best_model_in_terms_of_validation_paper_f1.pth,raw,0.6,top2,2,0.6748466257668712,0.5392156862745098,0.9016393442622951,55,47,6,0.5092592592592593,0.7777777777777778,12.201539184410446,9.937619650487765,0.37748816260646234,0.37748816260646234,0.49258532758731066,111.20370370370371,1.3333333333333333,6,108
,scpdb_apbs_cutoff_fold1_apbs_shape_selected_chem_apbs_clip20_minmax,UNet3D4LA,apbs_shape_selected_chem,apbs_clip20_minmax,UNet3D4LA_best_model_in_terms_of_validation_paper_f1.pth,raw,0.9,top2,2,0.6748466257668712,0.5392156862745098,0.9016393442622951,55,47,6,0.5092592592592593,0.75,13.102379036808175,10.985845198613605,0.3832854664907202,0.3832854664907202,0.4918328980696847,100.73148148148148,1.212962962962963,6,108
,scpdb_apbs_cutoff_fold1_apbs_shape_selected_chem_apbs_clip20_minmax,UNet3D4LA,apbs_shape_selected_chem,apbs_clip20_minmax,UNet3D4LA_best_model_in_terms_of_validation_paper_f1.pth,raw,0.9,top3,3,0.6748466257668712,0.5392156862745098,0.9016393442622951,55,47,6,0.5092592592592593,0.75,13.102379036808175,10.985845198613605,0.3832854664907202,0.3832854664907202,0.4918328980696847,100.73148148148148,1.2592592592592593,6,108
,scpdb_apbs_cutoff_fold1_apbs_shape_selected_chem_apbs_clip20_minmax,UNet3D4LA,apbs_shape_selected_chem,apbs_clip20_minmax,UNet3D4LA_best_model_in_terms_of_validation_paper_f1.pth,raw,0.9,top_n_plus_2,3,0.6748466257668712,0.5392156862745098,0.9016393442622951,55,47,6,0.5092592592592593,0.75,13.102379036808175,10.985845198613605,0.3832854664907202,0.3832854664907202,0.4918328980696847,100.73148148148148,1.2592592592592593,6,108
,scpdb_apbs_cutoff_fold1_apbs_shape_selected_chem_apbs_clip20_minmax,ResNet3D4L,apbs_shape_selected_chem,apbs_clip20_minmax,ResNet3D4L_best_model_in_terms_of_validation_paper_f1.pth,raw,0.4,top1,1,0.6748466257668712,0.5339805825242718,0.9166666666666666,55,48,5,0.5092592592592593,0.7129629629629629,14.954548906043991,12.60888023947123,0.37058795014613355,0.37058795014613355,0.5412724623064542,113.70370370370371,0.9537037037037037,5,108
,scpdb_apbs_cutoff_fold1_apbs_shape_apbs_full_signed,ResNet3D4LGN,apbs_shape,apbs_full_signed,ResNet3D4LGN_best_model_in_terms_of_validation_paper_f1.pth,raw,0.55,top1,1,0.6748466257668712,0.5445544554455446,0.8870967741935484,55,46,7,0.5092592592592593,0.6944444444444444,16.220454427751335,14.079924076242166,0.3414789939695333,0.3414789939695333,0.4766833724286158,105.68518518518519,0.9351851851851852,7,108
,scpdb_apbs_cutoff_fold1_apbs_shape_selected_chem_apbs_clip20_minmax,UNetPlusPlus3D,apbs_shape_selected_chem,apbs_clip20_minmax,UNetPlusPlus3D_best_model_in_terms_of_validation_paper_f1.pth,raw,0.35,top1,1,0.674846625766871,0.514018691588785,0.9821428571428571,55,52,1,0.5092592592592593,0.7592592592592593,9.34952161538836,6.8404439128940835,0.3949235063197655,0.3949235063197655,0.5354565380855452,136.47222222222223,0.9907407407407407,1,108
,scpdb_apbs_cutoff_fold1_apbs_shape_selected_chem_apbs_full_signed,CBAMUNet3D,apbs_shape_selected_chem,apbs_full_signed,CBAMUNet3D_best_model_in_terms_of_validation_paper_f1.pth,raw,0.8,top1,1,0.6666666666666667,0.5294117647058824,0.9,54,48,6,0.5,0.7129629629629629,14.620640087714044,12.39138511061999,0.3579429565602109,0.3579429565602109,0.49279451564247434,96.8425925925926,0.9444444444444444,6,108
,scpdb_apbs_cutoff_fold1_apbs_shape_selected_chem_apbs_posneg_clip20,CBAMUNet3D,apbs_shape_selected_chem,apbs_posneg_clip20,CBAMUNet3D_best_model_in_terms_of_validation_paper_f1.pth,raw,0.9,top1,1,0.6666666666666667,0.5294117647058824,0.9,54,48,6,0.5,0.6851851851851852,15.694477939058787,13.415834152031357,0.34046261473870537,0.34046261473870537,0.49886152151469537,88.75,0.9444444444444444,6,108
,scpdb_apbs_cutoff_fold1_apbs_shape_selected_chem_apbs_full_signed,ResNet3D4L,apbs_shape_selected_chem,apbs_full_signed,ResNet3D4L_best_model_in_terms_of_validation_paper_f1.pth,raw,0.9,top2,2,0.6666666666666666,0.5242718446601942,0.9152542372881356,54,49,5,0.5,0.7685185185185185,13.410485168269961,11.117127255782107,0.3739034661877658,0.3739034661877658,0.5064213156527416,99.66666666666667,1.2222222222222223,5,108
,scpdb_apbs_cutoff_fold1_apbs_shape_selected_chem_apbs_posneg_clip20,UNet3D4LA,apbs_shape_selected_chem,apbs_posneg_clip20,UNet3D4LA_best_model_in_terms_of_validation_paper_f1.pth,raw,0.55,top1,1,0.6666666666666666,0.5094339622641509,0.9642857142857143,54,52,2,0.5,0.7592592592592593,9.329416144627874,7.112093678750849,0.4045314911757328,0.4045314911757328,0.5304920617836031,137.80555555555554,0.9814814814814815,2,108
,scpdb_apbs_cutoff_fold1_apbs_shape_selected_chem_apbs_full_signed,ResNet3D4LGN,apbs_shape_selected_chem,apbs_full_signed,ResNet3D4LGN_best_model_in_terms_of_validation_paper_f1.pth,raw,0.35,top1,1,0.6666666666666666,0.5142857142857142,0.9473684210526315,54,51,3,0.5,0.7037037037037037,12.407853666576685,10.008444563182604,0.3631010247080142,0.3631010247080142,0.5126621336761782,131.77777777777777,0.9722222222222222,3,108
,scpdb_apbs_cutoff_fold1_apbs_shape_apbs_clip20_minmax,CBAMUNet3D,apbs_shape,apbs_clip20_minmax,CBAMUNet3D_best_model_in_terms_of_validation_paper_f1.pth,raw,0.2,top1,1,0.6666666666666666,0.5192307692307693,0.9310344827586207,54,50,4,0.5,0.6944444444444444,12.46549248721484,10.11977679759075,0.35670830306613877,0.35670830306613877,0.4779765758685174,136.2037037037037,0.9629629629629629,4,108
,scpdb_apbs_cutoff_fold1_apbs_shape_selected_chem_apbs_posneg_clip20,ResNet3D4L,apbs_shape_selected_chem,apbs_posneg_clip20,ResNet3D4L_best_model_in_terms_of_validation_paper_f1.pth,raw,0.7,top1,1,0.6583850931677019,0.5196078431372549,0.8983050847457628,53,49,6,0.49074074074074076,0.7222222222222222,14.676539419980445,12.366757049142482,0.3533268274874916,0.3533268274874916,0.4889760039185298,104.52777777777777,0.9444444444444444,6,108
,scpdb_apbs_cutoff_fold1_apbs_shape_selected_chem_apbs_posneg_clip20,ResNet3D4LGN,apbs_shape_selected_chem,apbs_posneg_clip20,ResNet3D4LGN_best_model_in_terms_of_validation_paper_f1.pth,raw,0.5,top1,1,0.6583850931677019,0.5,0.9636363636363636,53,53,2,0.49074074074074076,0.7222222222222222,10.776741594770506,8.270138458040037,0.34481224286112927,0.34481224286112927,0.46392890069918985,109.53703703703704,0.9814814814814815,2,108
,scpdb_apbs_cutoff_fold1_apbs_shape_apbs_posneg_clip20,ResNet3D4LGN,apbs_shape,apbs_posneg_clip20,ResNet3D4LGN_best_model_in_terms_of_validation_paper_f1.pth,raw,0.4,top1,1,0.6583850931677019,0.5047619047619047,0.9464285714285714,53,52,3,0.49074074074074076,0.7037037037037037,12.511720069385955,10.176935433089758,0.35359801473225133,0.35359801473225133,0.4840957194245384,118.44444444444444,0.9722222222222222,3,108
,scpdb_apbs_cutoff_fold1_apbs_shape_selected_chem_apbs_clip20_minmax,UNet3D4LA,apbs_shape_selected_chem,apbs_clip20_minmax,UNet3D4LA_best_model_in_terms_of_validation_paper_f1.pth,raw,0.9,top1,1,0.6583850931677019,0.5196078431372549,0.8983050847457628,53,49,6,0.49074074074074076,0.6851851851851852,14.877194677098638,12.65964491375379,0.3602097665879224,0.3602097665879224,0.501348514468477,100.73148148148148,0.9444444444444444,6,108
,scpdb_apbs_cutoff_fold1_apbs_shape_selected_chem_apbs_full_signed,ResNet3D4L,apbs_shape_selected_chem,apbs_full_signed,ResNet3D4L_best_model_in_terms_of_validation_paper_f1.pth,raw,0.7,top1,1,0.65,0.49056603773584906,0.9629629629629629,52,54,2,0.48148148148148145,0.7222222222222222,12.026502966812894,9.460670099976241,0.37786467895281645,0.37786467895281645,0.5229748568560108,116.29629629629629,0.9814814814814815,2,108
,scpdb_apbs_cutoff_fold1_apbs_shape_selected_chem_apbs_clip20_minmax,ResNet3D4LGN,apbs_shape_selected_chem,apbs_clip20_minmax,ResNet3D4LGN_best_model_in_terms_of_validation_paper_f1.pth,raw,0.8,top1,1,0.65,0.5,0.9285714285714286,52,52,4,0.48148148148148145,0.7129629629629629,13.603941322069163,11.19416307060188,0.36032831148130234,0.36032831148130234,0.5055260680724853,105.57407407407408,0.9629629629629629,4,108
,scpdb_apbs_cutoff_fold1_apbs_shape_apbs_posneg_clip20,UNet3D4LA,apbs_shape,apbs_posneg_clip20,UNet3D4LA_best_model_in_terms_of_validation_paper_f1.pth,raw,0.3,top1,1,0.6499999999999999,0.48598130841121495,0.9811320754716981,52,55,1,0.48148148148148145,0.6759259259259259,11.19666109402726,8.827438078846141,0.35584435358140865,0.35584435358140865,0.5091795833983077,227.7962962962963,0.9907407407407407,1,108
,scpdb_apbs_cutoff_fold1_apbs_shape_apbs_clip20_minmax,ResNet3D4L,apbs_shape,apbs_clip20_minmax,ResNet3D4L_best_model_in_terms_of_validation_paper_f1.pth,raw,0.55,top1,1,0.6415094339622641,0.49038461538461536,0.9272727272727272,51,53,4,0.4722222222222222,0.7037037037037037,14.195367089936266,11.82678809253056,0.37287606186320665,0.37287606186320665,0.5459340233828595,130.11111111111111,0.9629629629629629,4,108
,scpdb_apbs_cutoff_fold1_apbs_shape_apbs_clip20_minmax,ResNet3D4LGN,apbs_shape,apbs_clip20_minmax,ResNet3D4LGN_best_model_in_terms_of_validation_paper_f1.pth,raw,0.1,top1,1,0.6153846153846155,0.46153846153846156,0.9230769230769231,48,56,4,0.4444444444444444,0.6666666666666666,13.933359898237814,11.436162196314305,0.32801115393666425,0.32801115393666425,0.4602469031728564,148.61111111111111,0.9629629629629629,4,108
